id,pred
S_507_509,0.585452484
S_507_511,0.966535701
S_507_512,0.93934683
S_507_521,0.943135499
S_507_536,0.920986539
S_507_538,0.117520363
S_507_549,0.930975085
S_507_553,0.289495152
S_507_556,0.878743983
S_507_559,0.946580092
S_507_562,0.954442047
S_507_569,0.889235027
S_507_570,0.509655175
S_507_577,0.948533022
S_507_580,0.441653895
S_507_592,0.957253781
S_507_599,0.929980193
S_507_607,0.917433701
S_507_612,0.900081373
S_507_628,0.966319466
S_507_629,0.954679236
S_507_636,0.963701025
S_507_637,0.864531576
S_507_640,0.927664373
S_507_651,0.960571339
S_507_658,0.743998314
S_507_663,0.942657046
S_507_666,0.940619343
S_507_667,0.849814201
S_507_670,0.947044795
S_507_671,0.962151705
S_507_686,0.312791219
S_507_689,0.846090894
S_507_694,0.56045449
S_507_695,0.854422156
S_507_698,0.792900116
S_507_701,0.946259466
S_507_702,0.78891554
S_507_708,0.926683595
S_507_720,0.88842452
S_507_721,0.921284477
S_507_722,0.94677849
S_507_725,0.941170532
S_507_731,0.962695539
S_507_737,0.923353517
S_507_754,0.807511484
S_507_765,0.800865351
S_507_779,0.884206375
S_507_780,0.909341186
S_507_783,0.927446195
S_507_786,0.880211161
S_507_790,0.936826162
S_507_793,0.868855104
S_507_802,0.599931305
S_507_804,0.402246846
S_507_810,0.942286435
S_507_811,0.713205868
S_507_825,0.894039085
S_507_829,0.943918562
S_507_830,0.953428334
S_507_836,0.494746647
S_507_842,0.771968004
S_507_845,0.408425324
S_507_846,0.945136221
S_507_849,0.938789486
S_507_850,0.29150277
S_507_853,0.939073642
S_509_511,0.5
S_509_512,0.912502413
S_509_521,0.917821208
S_509_536,0.886993653
S_509_538,0.082295619
S_509_549,0.900816656
S_509_553,0.215299748
S_509_556,0.829933508
S_509_559,0.922673503
S_509_562,0.933807822
S_509_569,0.843897424
S_509_570,0.411732516
S_509_577,0.925431562
S_509_580,0.347536423
S_509_592,0.937810075
S_509_599,0.89943403
S_509_607,0.882107983
S_509_612,0.858476765
S_509_628,0.950787415
S_509_629,0.934145027
S_509_636,0.947027652
S_509_637,0.811229025
S_509_640,0.896220672
S_509_651,0.942546098
S_509_658,0.661821359
S_509_663,0.917148474
S_509_666,0.914286736
S_509_667,0.792113297
S_509_670,0.923329325
S_509_671,0.944807434
S_509_686,0.234596602
S_509_689,0.787317514
S_509_694,0.461966968
S_509_695,0.798070949
S_509_698,0.72052408
S_509_701,0.92222118
S_509_702,0.715646385
S_509_708,0.894861878
S_509_720,0.842813809
S_509_721,0.887404098
S_509_722,0.922953461
S_509_725,0.91506028
S_509_731,0.94558639
S_509_737,0.890257604
S_509_754,0.738558051
S_509_765,0.730326211
S_509_779,0.837187337
S_509_780,0.871039801
S_509_783,0.895918296
S_509_786,0.831878291
S_509_790,0.908974233
S_509_793,0.816893418
S_509_802,0.502436366
S_509_804,0.311836963
S_509_810,0.916627581
S_509_811,0.626111798
S_509_825,0.850336899
S_509_829,0.918922899
S_509_830,0.93236751
S_509_836,0.397367136
S_509_842,0.695089813
S_509_845,0.317364046
S_509_846,0.920637642
S_509_849,0.911721577
S_509_850,0.21694994
S_509_853,0.912119628
S_511_512,0.5
S_511_521,0.353215162
S_511_536,0.277349392
S_511_538,0.00436571
S_511_549,0.307526226
S_511_553,0.013238329
S_511_556,0.192649482
S_511_559,0.368466106
S_511_562,0.408218896
S_511_569,0.2090727
S_511_570,0.033090794
S_511_577,0.377658462
S_511_580,0.025383926
S_511_592,0.42441206
S_511_599,0.304260756
S_511_607,0.267862165
S_511_612,0.228756517
S_511_628,0.485778704
S_511_629,0.40954059
S_511_636,0.466429732
S_511_637,0.173642954
S_511_640,0.296896239
S_511_651,0.445112154
S_511_658,0.087334788
S_511_663,0.351187743
S_511_666,0.342785629
S_511_667,0.157051719
S_511_670,0.370616026
S_511_671,0.45564471
S_511_686,0.014765632
S_511_689,0.153266159
S_511_694,0.040292307
S_511_695,0.161954014
S_511_698,0.111949679
S_511_701,0.366996018
S_511_702,0.10957652
S_511_708,0.293873045
S_511_720,0.207719546
S_511_721,0.278172152
S_511_722,0.36938118
S_511_725,0.345021987
S_511_731,0.459377065
S_511_737,0.28400801
S_511_754,0.121366368
S_511_765,0.116936777
S_511_779,0.200913616
S_511_780,0.248270479
S_511_783,0.296218908
S_511_786,0.194811551
S_511_790,0.328083151
S_511_793,0.179078769
S_511_802,0.047052487
S_511_804,0.021677025
S_511_810,0.349631831
S_511_811,0.075685239
S_511_825,0.217414793
S_511_829,0.356579794
S_511_830,0.402657804
S_511_836,0.031234807
S_511_842,0.100288977
S_511_845,0.022227347
S_511_846,0.36192951
S_511_849,0.335546869
S_511_850,0.013366176
S_511_853,0.336652674
S_512_521,0.5
S_512_536,0.41716517
S_512_538,0.008111138
S_512_549,0.453018059
S_512_553,0.024409131
S_512_556,0.307963092
S_512_559,0.521093302
S_512_562,0.56264236
S_512_569,0.330196199
S_512_570,0.059995039
S_512_577,0.530892452
S_512_580,0.046322344
S_512_592,0.578968153
S_512_599,0.449209868
S_512_607,0.405579503
S_512_612,0.356148636
S_512_628,0.63791491
S_512_629,0.563987536
S_512_636,0.619810225
S_512_637,0.281547274
S_512_640,0.440558539
S_512_651,0.599356953
S_512_658,0.151434505
S_512_663,0.502350924
S_512_666,0.493080744
S_512_667,0.257863227
S_512_670,0.523395711
S_512_671,0.609530093
S_512_686,0.027189697
S_512_689,0.252375233
S_512_694,0.072611989
S_512_695,0.26492333
S_512_698,0.190347662
S_512_701,0.519515202
S_512_702,0.186661911
S_512_708,0.436981656
S_512_720,0.328384592
S_512_721,0.41816269
S_512_722,0.522074073
S_512_725,0.495558285
S_512_731,0.613103252
S_512_737,0.425205418
S_512_754,0.204837746
S_512_765,0.198048341
S_512_779,0.319218015
S_512_780,0.381159041
S_512_783,0.439758451
S_512_786,0.310920913
S_512_790,0.476606763
S_512_793,0.289178909
S_512_802,0.084318299
S_512_804,0.039682231
S_512_810,0.500642067
S_512_811,0.132475811
S_512_825,0.341285779
S_512_829,0.508245807
S_512_830,0.556957475
S_512_836,0.056718572
S_512_842,0.172103567
S_512_845,0.040670655
S_512_846,0.514053023
S_512_849,0.485010367
S_512_850,0.024642165
S_512_853,0.486248277
S_521_536,0.5
S_521_538,0.007578003
S_521_549,0.43609895
S_521_553,0.022829405
S_521_556,0.293553996
S_521_559,0.503974287
S_521_562,0.545713758
S_521_569,0.315220683
S_521_570,0.056245018
S_521_577,0.513796891
S_521_580,0.043387496
S_521_592,0.562179741
S_521_599,0.432320573
S_521_607,0.389171552
S_521_612,0.340594609
S_521_628,0.621942145
S_521_629,0.547069087
S_521_636,0.603535169
S_521_637,0.267895679
S_521_640,0.423744271
S_521_651,0.582795692
S_521_658,0.142837502
S_521_663,0.485223787
S_521_666,0.475967377
S_521_667,0.244968457
S_521_670,0.50628102
S_521_671,0.593103866
S_521_686,0.025434708
S_521_689,0.239666271
S_521_694,0.068130498
S_521_695,0.251795295
S_521_698,0.180010172
S_521_701,0.502393645
S_521_702,0.176480958
S_521_708,0.420201365
S_521_720,0.313452788
S_521_721,0.4015896
S_521_722,0.504956811
S_521_725,0.478440088
S_521_731,0.596727891
S_521_737,0.408549196
S_521_754,0.193901783
S_521_765,0.187389432
S_521_779,0.304514037
S_521_780,0.365132174
S_521_783,0.422951633
S_521_786,0.296432705
S_521_790,0.459546829
S_521_793,0.275299067
S_521_802,0.079175997
S_521_804,0.037151692
S_521_810,0.483516585
S_521_811,0.124796813
S_521_825,0.326052143
S_521_829,0.491116032
S_521_830,0.539988736
S_521_836,0.053161766
S_521_842,0.162557956
S_521_845,0.038079583
S_521_846,0.496925306
S_521_849,0.467918551
S_521_850,0.023047713
S_521_853,0.469152577
S_536_538,0.010748449
S_536_549,0.523907226
S_536_553,0.032173792
S_536_556,0.371573201
S_536_559,0.591122819
S_536_562,0.63089973
S_536_569,0.395772283
S_536_570,0.078172686
S_536_577,0.60058737
S_536_580,0.060624533
S_536_592,0.646279421
S_536_599,0.520069716
S_536_607,0.475498544
S_536_612,0.423619091
S_536_628,0.700674397
S_536_629,0.632172216
S_536_636,0.684154043
S_536_637,0.342400751
S_536_640,0.511320592
S_536_651,0.665293026
S_536_658,0.191667966
S_536_663,0.57287466
S_536_666,0.563777414
S_536_667,0.315848101
S_536_670,0.593351286
S_536_671,0.67470061
S_536_686,0.035806405
S_536_689,0.309640928
S_536_694,0.094229187
S_536_695,0.323803105
S_536_698,0.238019735
S_536_701,0.589593736
S_536_702,0.233677313
S_536_708,0.507690565
S_536_720,0.393812429
S_536_721,0.488468389
S_536_722,0.592072444
S_536_725,0.566213405
S_536_731,0.677992455
S_536_737,0.495686441
S_536_754,0.254995886
S_536_765,0.247060524
S_536_779,0.383863352
S_536_780,0.450055635
S_536_783,0.510509264
S_536_786,0.374811073
S_536_790,0.547492485
S_536_793,0.350876307
S_536_802,0.109010909
S_536_804,0.052046147
S_536_810,0.57120126
S_536_811,0.168673511
S_536_825,0.407723601
S_536_829,0.578634868
S_536_830,0.625511544
S_536_836,0.073981627
S_536_842,0.216427841
S_536_845,0.053325436
S_536_846,0.58429074
S_536_849,0.555818657
S_536_850,0.032478486
S_536_853,0.557041808
S_538_549,0.989724388
S_538_553,0.744226084
S_538_556,0.981043643
S_538_559,0.992159337
S_538_562,0.993360321
S_538_569,0.982856418
S_538_570,0.881270171
S_538_577,0.99245925
S_538_580,0.849595967
S_538_592,0.993785746
S_538_599,0.98956679
S_538_607,0.98755443
S_538_612,0.984692963
S_538_628,0.995142986
S_538_629,0.993396291
S_538_636,0.994753218
S_538_637,0.978528794
S_538_640,0.989198835
S_538_651,0.994284965
S_538_658,0.954031614
S_538_663,0.991553667
S_538_666,0.991237372
S_538_667,0.975850194
S_538_670,0.992230797
S_538_671,0.99452174
S_538_686,0.764729446
S_538_689,0.975160156
S_538_694,0.901045442
S_538_695,0.976697188
S_538_698,0.964715321
S_538_701,0.992109997
S_538_702,0.963885884
S_538_708,0.989042531
S_538_720,0.982717658
S_538_721,0.988177019
S_538_722,0.992189853
S_538_725,0.991323044
S_538_731,0.994603065
S_538_737,0.988509716
S_538_754,0.967698564
S_538_765,0.966352821
S_538_779,0.981992037
S_538_780,0.986231468
S_538_783,0.989164089
S_538_786,0.981299354
S_538_790,0.990645467
S_538_793,0.979301164
S_538_802,0.914594247
S_538_804,0.827751706
S_538_810,0.991496227
S_538_811,0.946692315
S_538_825,0.98367451
S_538_829,0.991748898
S_538_830,0.993206417
S_538_836,0.874886626
S_538_842,0.960279056
S_538_845,0.831375799
S_538_846,0.99193692
S_538_849,0.990952342
S_538_850,0.746075823
S_538_853,0.990996666
S_549_553,0.027926968
S_549_556,0.338180861
S_549_559,0.55543892
S_549_562,0.596316593
S_549_569,0.361456074
S_549_570,0.068282547
S_549_577,0.565121797
S_549_580,0.052827296
S_549_592,0.612251656
S_549_599,0.483601937
S_549_607,0.439295385
S_549_612,0.388440591
S_549_628,0.669201003
S_549_629,0.597632266
S_549_636,0.651806795
S_549_637,0.310335417
S_549_640,0.474859296
S_549_651,0.632052998
S_549_658,0.170067892
S_549_663,0.536845994
S_549_666,0.527614143
S_549_667,0.285190975
S_549_670,0.557716356
S_549_671,0.641891963
S_549_686,0.031095494
S_549_689,0.279340292
S_549_694,0.082489415
S_549_695,0.29270419
S_549_698,0.212569709
S_549_701,0.553877102
S_549_702,0.208564509
S_549_708,0.471238506
S_549_720,0.35956503
S_549_721,0.452128973
S_549_722,0.556409229
S_549_725,0.530083755
S_549_731,0.645341293
S_549_737,0.459292187
S_549_754,0.228274488
S_549_765,0.220924093
S_549_779,0.349981634
S_549_780,0.414259634
S_549_783,0.4740497
S_549_786,0.341285779
S_549_790,0.511149791
S_549_793,0.31840156
S_549_802,0.095623943
S_549_804,0.045299017
S_549_810,0.535145979
S_549_811,0.149186538
S_549_825,0.373010851
S_549_829,0.54270423
S_549_830,0.590751041
S_549_836,0.064584577
S_549_842,0.192702645
S_549_845,0.046420583
S_549_846,0.548466039
S_549_849,0.519557859
S_549_850,0.028192615
S_549_853,0.520794774
S_553_556,0.944180324
S_553_559,0.976391882
S_553_562,0.979959245
S_553_569,0.949336244
S_553_570,0.708110903
S_553_577,0.977281108
S_553_580,0.648658751
S_553_592,0.981227091
S_553_599,0.968749977
S_553_607,0.962873106
S_553_612,0.954597835
S_553_628,0.985286627
S_553_629,0.980066358
S_553_636,0.984118523
S_553_637,0.937088606
S_553_640,0.967671845
S_553_651,0.982717658
S_553_658,0.871518933
S_553_663,0.974599403
S_553_666,0.973665073
S_553_667,0.929612088
S_553_670,0.97660366
S_553_671,0.983425679
S_553_686,0.51512016
S_553_689,0.927698766
S_553_694,0.74849621
S_553_695,0.931967711
S_553_698,0.899356718
S_553_701,0.976245696
S_553_702,0.897154685
S_553_708,0.967214346
S_553_720,0.948940267
S_553_721,0.964686225
S_553_722,0.976482312
S_553_725,0.973918027
S_553_731,0.98366902
S_553_737,0.965656975
S_553_754,0.9073351
S_553_765,0.903724693
S_553_779,0.946873129
S_553_780,0.959035352
S_553_783,0.967570119
S_553_786,0.944905374
S_553_790,0.971919805
S_553_793,0.939259145
S_553_802,0.777780753
S_553_804,0.610993284
S_553_810,0.974429638
S_553_811,0.853035082
S_553_825,0.951675273
S_553_829,0.975176708
S_553_830,0.979501122
S_553_836,0.69563281
S_553_842,0.887659965
S_553_845,0.617068157
S_553_846,0.975733128
S_553_849,0.972824122
S_553_850,0.489877547
S_553_853,0.972954832
S_556_559,0.699274764
S_556_562,0.733277681
S_556_569,0.513028451
S_556_570,0.120024322
S_556_577,0.707474724
S_556_580,0.09403975
S_556_592,0.746108196
S_556_599,0.635424534
S_556_607,0.593186345
S_556_612,0.541728632
S_556_628,0.790136615
S_556_629,0.734345833
S_556_636,0.776982265
S_556_637,0.45577187
S_556_640,0.627271188
S_556_651,0.76173403
S_556_658,0.276083913
S_556_663,0.683267136
S_556_666,0.675188003
S_556_667,0.426124524
S_556_670,0.701211723
S_556_671,0.769370627
S_556_686,0.056363056
S_556_689,0.419077672
S_556_694,0.14334038
S_556_695,0.435090638
S_556_698,0.334404827
S_556_701,0.697943465
S_556_702,0.32906335
S_556_708,0.623868884
S_556_720,0.510978988
S_556_721,0.605659481
S_556_722,0.70010064
S_556_725,0.677357893
S_556_731,0.772028162
S_556_737,0.612535598
S_556_754,0.355052195
S_556_765,0.345446902
S_556_779,0.500513902
S_556_780,0.568268912
S_556_783,0.626511752
S_556_786,0.490902492
S_556_790,0.66055806
S_556_793,0.465069049
S_556_802,0.164427623
S_556_804,0.081141522
S_556_810,0.681785995
S_556_811,0.246044692
S_556_825,0.525441466
S_556_829,0.688348493
S_556_830,0.728741445
S_556_836,0.113866637
S_556_842,0.307599013
S_556_845,0.083073299
S_556_846,0.693312245
S_556_849,0.668065135
S_556_850,0.051226068
S_556_853,0.669163173
S_559_562,0.529274901
S_559_569,0.301122766
S_559_570,0.052835848
S_559_577,0.497267069
S_559_580,0.040724028
S_559_592,0.545840849
S_559_599,0.416168328
S_559_607,0.373570546
S_559_612,0.325901957
S_559_628,0.606271526
S_559_629,0.530637092
S_559_636,0.587607482
S_559_637,0.255125764
S_559_640,0.407682335
S_559_651,0.566633084
S_559_658,0.134930118
S_559_663,0.468727007
S_559_666,0.459504387
S_559_667,0.232943687
S_559_670,0.489749435
S_559_671,0.577050788
S_559_686,0.023845852
S_559_689,0.227823237
S_559_694,0.064049807
S_559_695,0.239541733
S_559_698,0.170454158
S_559_701,0.485864079
S_559_702,0.167074122
S_559_708,0.404179531
S_559_720,0.299399369
S_559_721,0.385805205
S_559_722,0.488425689
S_559_725,0.461966968
S_559_731,0.580716715
S_559_737,0.392670753
S_559_754,0.183773594
S_559_765,0.177526493
S_559_779,0.290691692
S_559_780,0.349942759
S_559_783,0.406898527
S_559_786,0.282828011
S_559_790,0.443171479
S_559_793,0.262302691
S_559_802,0.074486616
S_559_804,0.034857079
S_559_810,0.467025189
S_559_811,0.117750953
S_559_825,0.311690296
S_559_829,0.474603619
S_559_830,0.523523594
S_559_836,0.049929593
S_559_842,0.153754689
S_559_845,0.035729787
S_559_846,0.480401961
S_559_849,0.451494097
S_559_850,0.021604663
S_559_853,0.452721663
S_562_569,0.267092068
S_562_570,0.045055759
S_562_577,0.455517556
S_562_580,0.03466214
S_562_592,0.504102444
S_562_599,0.376133444
S_562_607,0.335280219
S_562_612,0.290233847
S_562_628,0.565667681
S_562_629,0.488809987
S_562_636,0.546518567
S_562_637,0.22462257
S_562_640,0.367949309
S_562_651,0.525143178
S_562_658,0.116549118
S_562_663,0.427336852
S_562_666,0.418287428
S_562_667,0.204364974
S_562_670,0.448068551
S_562_671,0.535741079
S_562_686,0.020243311
S_562_689,0.199709168
S_562_694,0.054713848
S_562_695,0.210375549
S_562_698,0.148062133
S_562_701,0.444225982
S_562_702,0.145048483
S_562_708,0.364577764
S_562_720,0.265489449
S_562_721,0.346955407
S_562_722,0.446758824
S_562_725,0.420701051
S_562_731,0.539479311
S_562_737,0.353527544
S_562_754,0.159969255
S_562_765,0.154378298
S_562_779,0.257405655
S_562_780,0.312864689
S_562_783,0.367194535
S_562_786,0.25012489
S_562_790,0.402329027
S_562_793,0.231207761
S_562_802,0.063732968
S_562_804,0.029641517
S_562_810,0.425664907
S_562_811,0.101435791
S_562_825,0.276938575
S_562_829,0.43311759
S_562_830,0.481681773
S_562_836,0.042558223
S_562_842,0.133204159
S_562_845,0.030387756
S_562_846,0.438832425
S_562_849,0.410450015
S_562_850,0.018334353
S_562_853,0.411649737
S_569_570,0.10962655
S_569_577,0.685850201
S_569_580,0.085673874
S_569_592,0.726234465
S_569_599,0.611399373
S_569_607,0.568268912
S_569_612,0.516229835
S_569_628,0.772659147
S_569_629,0.713904436
S_569_636,0.758743794
S_569_637,0.430518097
S_569_640,0.603044385
S_569_651,0.742661565
S_569_658,0.256101232
S_569_663,0.66071131
S_569_666,0.652349569
S_569_667,0.401302166
S_569_670,0.679334066
S_569_671,0.750709394
S_569_686,0.051159665
S_569_689,0.394383703
S_569_694,0.131223935
S_569_695,0.410119244
S_569_698,0.31202035
S_569_701,0.675937097
S_569_702,0.306871574
S_569_708,0.59956211
S_569_720,0.485394527
S_569_721,0.580966345
S_569_722,0.678178966
S_569_725,0.654593979
S_569_731,0.753513071
S_569_737,0.587980124
S_569_754,0.331974961
S_569_765,0.322681623
S_569_779,0.474944524
S_569_780,0.543001086
S_569_783,0.602266886
S_569_786,0.465366655
S_569_790,0.637243627
S_569_793,0.43971635
S_569_802,0.150842555
S_569_804,0.073829577
S_569_810,0.659177305
S_569_811,0.227552788
S_569_825,0.499873074
S_569_829,0.66597763
S_569_830,0.708040257
S_569_836,0.1039393
S_569_842,0.286237223
S_569_845,0.075601598
S_569_846,0.671127455
S_569_849,0.644989207
S_569_850,0.046473563
S_569_853,0.646123144
S_570_577,0.944017987
S_570_580,0.419868333
S_570_592,0.953466258
S_570_599,0.92396804
S_570_607,0.910447998
S_570_612,0.891800685
S_570_628,0.963304415
S_570_629,0.950675351
S_570_636,0.960461164
S_570_637,0.853783322
S_570_640,0.921470166
S_570_651,0.957064583
S_570_658,0.726709864
S_570_663,0.937660409
S_570_666,0.935457305
S_570_667,0.8381169
S_570_670,0.94240713
S_570_671,0.958779475
S_570_686,0.29401491
S_570_689,0.834160193
S_570_694,0.538460216
S_570_695,0.843017452
S_570_698,0.777928397
S_570_701,0.941557268
S_570_702,0.773737967
S_570_708,0.920412608
S_570_720,0.879307317
S_570_721,0.914594247
S_570_722,0.942118928
S_570_725,0.936053153
S_570_731,0.959369718
S_570_737,0.916823264
S_570_754,0.79332072
S_570_765,0.786314273
S_570_779,0.874793069
S_570_780,0.901744126
S_570_783,0.921234892
S_570_786,0.87052063
S_570_790,0.931358442
S_570_793,0.858393697
S_570_802,0.578426528
S_570_804,0.381078428
S_570_810,0.937259654
S_570_811,0.694691271
S_570_825,0.885321446
S_570_829,0.939024738
S_570_830,0.949319803
S_570_836,0.472558699
S_570_842,0.755948821
S_570_845,0.387142344
S_570_846,0.940341937
S_570_849,0.933479626
S_570_850,0.273495786
S_570_853,0.933786694
S_577_580,0.039216007
S_577_592,0.536081091
S_577_599,0.406651107
S_577_607,0.364419427
S_577_612,0.317327026
S_577_628,0.596851254
S_577_629,0.520837422
S_577_636,0.578051446
S_577_637,0.247728693
S_577_640,0.398226809
S_577_651,0.556957475
S_577_658,0.130407859
S_577_663,0.458952696
S_577_666,0.449759583
S_577_667,0.225994631
S_577_670,0.47993276
S_577_671,0.56743021
S_577_686,0.022947882
S_577_689,0.220982924
S_577_694,0.061733613
S_577_695,0.232455495
S_577_698,0.164968339
S_577_701,0.476052624
S_577_702,0.161675883
S_577_708,0.394751104
S_577_720,0.291220505
S_577_721,0.376534528
S_577_722,0.47861066
S_577_725,0.452213634
S_577_731,0.571117547
S_577_737,0.383338067
S_577_754,0.177951064
S_577_765,0.171860216
S_577_779,0.282654732
S_577_780,0.341055314
S_577_783,0.397448983
S_577_786,0.274924196
S_577_790,0.433495246
S_577_793,0.254768705
S_577_802,0.071821964
S_577_804,0.033558712
S_577_810,0.457255822
S_577_811,0.113728768
S_577_825,0.303321039
S_577_829,0.464813978
S_577_830,0.513711512
S_577_836,0.04809778
S_577_842,0.148709972
S_577_845,0.034400071
S_577_846,0.470599846
S_577_849,0.441780319
S_577_850,0.020789293
S_577_853,0.443002805
S_580_592,0.964188038
S_580_599,0.941066366
S_580_607,0.93035759
S_580_612,0.915471124
S_580_628,0.971826378
S_580_629,0.962014561
S_580_636,0.969622605
S_580_637,0.884695373
S_580_640,0.939093194
S_580_651,0.966985985
S_580_658,0.777485255
S_580_663,0.951840045
S_580_666,0.950111393
S_580_667,0.871843875
S_580_670,0.955558259
S_580_671,0.968317722
S_580_686,0.353683782
S_580_689,0.868582256
S_580_694,0.605210437
S_580_695,0.875874647
S_580_698,0.821524822
S_580_701,0.954893172
S_580_702,0.817964543
S_580_708,0.938257062
S_580_720,0.905421033
S_580_721,0.933649206
S_580_722,0.955332748
S_580_725,0.950579103
S_580_731,0.968775833
S_580_737,0.935416023
S_580_754,0.834538088
S_580_765,0.828627076
S_580_779,0.901774404
S_580_780,0.923426049
S_580_783,0.938907218
S_580_786,0.898315631
S_580_790,0.946890319
S_580_793,0.888458394
S_580_802,0.643226424
S_580_804,0.447223482
S_580_810,0.951525732
S_580_811,0.74936379
S_580_825,0.910266706
S_580_829,0.952909631
S_580_830,0.960957842
S_580_836,0.540710277
S_580_842,0.802766206
S_580_845,0.453568597
S_580_846,0.953941598
S_580_849,0.948558043
S_580_850,0.330952529
S_580_853,0.948799325
S_592_599,0.36062821
S_592_607,0.320593647
S_592_612,0.276699105
S_592_628,0.549227693
S_592_629,0.472175377
S_592_636,0.529956052
S_592_637,0.21322834
S_592_640,0.352590774
S_592_651,0.508502066
S_592_658,0.109860289
S_592_663,0.4111118
S_592_666,0.402164671
S_592_667,0.193741571
S_592_670,0.431649672
S_592_671,0.51913128
S_592_686,0.018962898
S_592_689,0.189270213
S_592_694,0.051367445
S_592_695,0.199518052
S_592_698,0.139851048
S_592_701,0.427838762
S_592_702,0.136977654
S_592_708,0.34928219
S_592_720,0.252697803
S_592_721,0.332012859
S_592_722,0.430350517
S_592_725,0.404549961
S_592_731,0.522884147
S_592_737,0.338448642
S_592_754,0.151215042
S_592_765,0.145876914
S_592_779,0.244873648
S_592_780,0.298718753
S_592_783,0.351849967
S_592_786,0.237833826
S_592_790,0.386412783
S_592_793,0.219574084
S_592_802,0.059869876
S_592_804,0.027783515
S_592_810,0.409457946
S_592_811,0.095520545
S_592_825,0.26379341
S_592_829,0.416832814
S_592_830,0.465069049
S_592_836,0.039923881
S_592_842,0.125695482
S_592_845,0.028484351
S_592_846,0.422492919
S_592_849,0.39442452
S_592_850,0.017172568
S_592_853,0.395608833
S_599_607,0.44308714
S_599_612,0.392100354
S_599_628,0.672596756
S_599_629,0.601325012
S_599_636,0.655289128
S_599_637,0.313636693
S_599_640,0.478695948
S_599_651,0.63562245
S_599_658,0.172249708
S_599_663,0.540667838
S_599_666,0.531445678
S_599_667,0.288336599
S_599_670,0.561506649
S_599_671,0.645419513
S_599_686,0.031562224
S_599_689,0.282446883
S_599_694,0.083660938
S_599_695,0.29589838
S_599_698,0.215155429
S_599_701,0.557674203
S_599_702,0.211114571
S_599_708,0.475072369
S_599_720,0.36311427
S_599_721,0.455941425
S_599_722,0.560201891
S_599_725,0.533912955
S_599_731,0.648853453
S_599_737,0.463113983
S_599_754,0.230995202
S_599_765,0.223582582
S_599_779,0.35348849
S_599_780,0.41799639
S_599_783,0.477885764
S_599_786,0.344751715
S_599_790,0.51499211
S_599_793,0.32174861
S_599_802,0.096962291
S_599_804,0.045968821
S_599_810,0.538969804
S_599_811,0.151149254
S_599_825,0.376614765
S_599_829,0.546518567
S_599_830,0.594464086
S_599_836,0.065519972
S_599_842,0.195106579
S_599_845,0.047106153
S_599_846,0.552271966
S_599_849,0.523395711
S_599_850,0.028617061
S_599_853,0.524631786
S_607_612,0.435342666
S_607_628,0.710612325
S_607_629,0.643226424
S_607_636,0.694401239
S_607_637,0.353254203
S_607_640,0.523267825
S_607_651,0.675862228
S_607_658,0.199190743
S_607_663,0.584539764
S_607_666,0.57550687
S_607_667,0.32627749
S_607_670,0.604842905
S_607_671,0.685113347
S_607_686,0.037495534
S_607_689,0.319961211
S_607_694,0.098393106
S_607_695,0.334366793
S_607_698,0.246806302
S_607_701,0.601120158
S_607_702,0.242354564
S_607_708,0.519643171
S_607_720,0.405291147
S_607_721,0.500428458
S_607_722,0.603576058
S_607_725,0.577926398
S_607_731,0.688348493
S_607_737,0.507647853
S_607_754,0.264191852
S_607_765,0.256068677
S_607_779,0.395241156
S_607_780,0.461924494
S_607_783,0.522457807
S_607_786,0.386088697
S_607_790,0.559317548
S_607_793,0.361850585
S_607_802,0.113745993
S_607_804,0.054458101
S_607_810,0.58287879
S_607_811,0.175489714
S_607_825,0.41932731
S_607_829,0.590255175
S_607_830,0.636650873
S_607_836,0.077327205
S_607_842,0.224652335
S_607_845,0.055793186
S_607_846,0.59586401
S_607_849,0.567597981
S_607_850,0.034016163
S_607_853,0.56881386
S_612_628,0.751795152
S_612_629,0.689812985
S_612_636,0.737037361
S_612_637,0.402534502
S_612_640,0.575172855
S_612_651,0.720042066
S_612_658,0.23478076
S_612_663,0.634434267
S_612_666,0.625791711
S_612_667,0.373970535
S_612_670,0.653743455
S_612_671,0.728538714
S_612_686,0.04584906
S_612_689,0.367234244
S_612_694,0.118641493
S_612_695,0.382570833
S_612_698,0.287845926
S_612_701,0.650214977
S_612_702,0.282932009
S_612_708,0.571619764
S_612_720,0.45670455
S_612_721,0.552694477
S_612_722,0.652543321
S_612_725,0.628109834
S_612_731,0.731502555
S_612_737,0.559822933
S_612_754,0.306944275
S_612_765,0.298039027
S_612_779,0.446336488
S_612_780,0.514309148
S_612_783,0.574379295
S_612_786,0.436855531
S_612_790,0.610221292
S_612_793,0.411566964
S_612_802,0.136674915
S_612_804,0.066330239
S_612_810,0.632847477
S_612_811,0.207944622
S_612_825,0.471110767
S_612_829,0.639886149
S_612_830,0.683673801
S_612_836,0.093690916
S_612_842,0.2632959
S_612_845,0.067935467
S_612_846,0.645223949
S_612_849,0.618198157
S_612_850,0.041628055
S_612_853,0.619367168
S_628_629,0.411153172
S_628_636,0.468088738
S_628_637,0.174601347
S_628_640,0.298289349
S_628_651,0.446758824
S_628_658,0.08786747
S_628_663,0.352707809
S_628_666,0.344288625
S_628_667,0.15793604
S_628_670,0.372171947
S_628_671,0.457298232
S_628_686,0.014862901
S_628_689,0.154133062
S_628_694,0.04055081
S_628_695,0.162860607
S_628_698,0.112613969
S_628_701,0.368545641
S_628_702,0.110228476
S_628_708,0.295257926
S_628_720,0.208818491
S_628_721,0.279512331
S_628_722,0.370934972
S_628_725,0.346529619
S_628_731,0.461032661
S_628_737,0.28536519
S_628_754,0.122078855
S_628_765,0.11762674
S_628_779,0.201985734
S_628_780,0.249516396
S_628_783,0.297610185
S_628_786,0.195859088
S_628_790,0.329554008
S_628_793,0.180060626
S_628_802,0.047352222
S_628_804,0.021818813
S_628_810,0.351148807
S_628_811,0.076152795
S_628_825,0.218550882
S_628_829,0.358110317
S_628_830,0.40426184
S_628_836,0.031437104
S_628_842,0.100891936
S_628_845,0.022372653
S_628_846,0.363470023
S_628_849,0.337034402
S_628_850,0.013454351
S_628_853,0.338142615
S_629_636,0.54516296
S_629_637,0.223671589
S_629_640,0.366678485
S_629_651,0.523779352
S_629_658,0.115987242
S_629_663,0.425999161
S_629_666,0.416957438
S_629_667,0.20347725
S_629_670,0.446716587
S_629_671,0.534380703
S_629_686,0.020135137
S_629_689,0.198836614
S_629_694,0.054431709
S_629_695,0.20946859
S_629_698,0.147373678
S_629_701,0.442876309
S_629_702,0.144371666
S_629_708,0.363311892
S_629_720,0.264424454
S_629_721,0.345717432
S_629_722,0.445407622
S_629_725,0.41936892
S_629_731,0.538120445
S_629_737,0.352278769
S_629_754,0.159235782
S_629_765,0.153665771
S_629_779,0.25636177
S_629_780,0.311690296
S_629_783,0.365924809
S_629_786,0.249100627
S_629_790,0.401014799
S_629_793,0.230237179
S_629_802,0.06340744
S_629_804,0.029484635
S_629_810,0.424328571
S_629_811,0.10093845
S_629_825,0.275844901
S_629_829,0.431775447
S_629_830,0.480316649
S_629_836,0.042335959
S_629_842,0.132574039
S_629_845,0.030227047
S_629_846,0.437486239
S_629_849,0.409127419
S_629_850,0.01823619
S_629_853,0.410325966
S_636_637,0.186065934
S_636_640,0.314778205
S_636_651,0.466004464
S_636_658,0.094287545
S_636_663,0.370616026
S_636_666,0.362008442
S_636_667,0.168529786
S_636_670,0.390472268
S_636_671,0.476606763
S_636_686,0.016042682
S_636_689,0.164521558
S_636_694,0.043679228
S_636_695,0.173716529
S_636_698,0.120603087
S_636_701,0.3867775
S_636_702,0.118070878
S_636_708,0.311653635
S_636_720,0.221925742
S_636_721,0.29540018
S_636_722,0.389212176
S_636_725,0.364300694
S_636_731,0.480359305
S_636_737,0.301446531
S_636_754,0.130640582
S_636_765,0.125921014
S_636_779,0.21478053
S_636_780,0.264324751
S_636_783,0.314078302
S_636_786,0.208367125
S_636_790,0.346916689
S_636_793,0.19180038
S_636_802,0.050977477
S_636_804,0.023537546
S_636_810,0.369022995
S_636_811,0.081793686
S_636_825,0.232089819
S_636_829,0.376133444
S_636_830,0.42307676
S_636_836,0.03388725
S_636_842,0.108150814
S_636_845,0.024133936
S_636_846,0.381602532
S_636_849,0.354582757
S_636_850,0.014523974
S_636_853,0.355717711
S_637_640,0.65648477
S_637_651,0.784037163
S_637_658,0.302202751
S_637_663,0.710120094
S_637_666,0.702427609
S_637_667,0.457467878
S_637_670,0.727150845
S_637_671,0.791154914
S_637_686,0.063519165
S_637_689,0.450309421
S_637_694,0.159670952
S_637_695,0.466557322
S_637_698,0.363272364
S_637_701,0.724054663
S_637_702,0.357717598
S_637_708,0.6532017
S_637_720,0.542661819
S_637_721,0.63558287
S_637_722,0.726098542
S_637_725,0.704495169
S_637_731,0.793628761
S_637_737,0.642245418
S_637_754,0.384672011
S_637_765,0.37473099
S_637_779,0.532254099
S_637_780,0.599151762
S_637_783,0.655752191
S_637_786,0.522670981
S_637_790,0.688458461
S_637_793,0.496797146
S_637_802,0.182648412
S_637_804,0.091139766
S_637_810,0.708710992
S_637_811,0.270383111
S_637_825,0.556999642
S_637_829,0.714950373
S_637_830,0.753132003
S_637_836,0.127338443
S_637_842,0.335318306
S_637_845,0.09328541
S_637_846,0.719662984
S_637_849,0.69563281
S_637_850,0.05776989
S_637_853,0.696681058
S_640_651,0.643696881
S_640_658,0.177302041
S_640_663,0.549354613
S_640_666,0.540158525
S_640_667,0.295578052
S_640_670,0.570112675
S_640_671,0.65339523
S_640_686,0.032650763
S_640_689,0.289600611
S_640_694,0.086386014
S_640_695,0.30324882
S_640_698,0.22113005
S_640_701,0.566297348
S_640_702,0.217008008
S_640_708,0.483815319
S_640_720,0.37125403
S_640_721,0.464643941
S_640_722,0.56881386
S_640_725,0.542619408
S_640_731,0.656793002
S_640_737,0.471834674
S_640_754,0.237276698
S_640_765,0.22972272
S_640_779,0.361534961
S_640_780,0.426542469
S_640_783,0.48663249
S_640_786,0.352707809
S_640_790,0.523736727
S_640_793,0.329440746
S_640_802,0.100073313
S_640_804,0.047529839
S_640_810,0.547661825
S_640_811,0.155699096
S_640_825,0.384874276
S_640_829,0.555185725
S_640_830,0.602880744
S_640_836,0.0676978
S_640_842,0.20066681
S_640_845,0.04870382
S_640_846,0.560917508
S_640_849,0.532126465
S_640_850,0.02960713
S_640_853,0.533360084
S_651_658,0.101888382
S_651_663,0.390879062
S_651_666,0.382086566
S_651_667,0.180920028
S_651_670,0.4111118
S_651_671,0.498078767
S_651_686,0.017457515
S_651_689,0.176679734
S_651_694,0.04741393
S_651_695,0.18640261
S_651_698,0.13002077
S_651_701,0.407352253
S_651_702,0.127319454
S_651_708,0.330385199
S_651_720,0.237122099
S_651_721,0.313599907
S_651_722,0.409829886
S_651_725,0.384429346
S_651_731,0.501838271
S_651_737,0.319849673
S_651_754,0.140716655
S_651_765,0.13568989
S_651_779,0.229632017
S_651_780,0.281374472
S_651_783,0.332885121
S_651_786,0.22290103
S_651_790,0.366638802
S_651_793,0.205478671
S_651_802,0.055300116
S_651_804,0.02559617
S_651_810,0.389252801
S_651_811,0.08848575
S_651_825,0.247760541
S_651_829,0.396508096
S_651_830,0.444183792
S_651_836,0.036816942
S_651_842,0.116725188
S_651_845,0.026243319
S_651_846,0.402082502
S_651_849,0.374490779
S_651_850,0.01580702
S_651_853,0.375652367
S_658_663,0.84324347
S_658_666,0.838279133
S_658_667,0.649320536
S_658_670,0.854060435
S_658_671,0.892687893
S_658_686,0.129634659
S_658_689,0.64271645
S_658_694,0.294405243
S_658_695,0.657601482
S_658_698,0.556113963
S_658_701,0.852111479
S_658_702,0.550158289
S_658_708,0.805297204
S_658_720,0.722652596
S_658_721,0.792956233
S_658_722,0.853398908
S_658_725,0.839618302
S_658_731,0.894120001
S_658_737,0.797657546
S_658_754,0.578551535
S_658_765,0.568226987
S_658_779,0.714183577
S_658_780,0.766477433
S_658_783,0.807059524
S_658_786,0.706270837
S_658_790,0.829136076
S_658_793,0.684338646
S_658_802,0.329176545
S_658_804,0.180464653
S_658_810,0.842337806
S_658_811,0.448660277
S_658_825,0.734112409
S_658_829,0.846335519
S_658_830,0.870115601
S_658_836,0.242668483
S_658_842,0.525569298
S_658_845,0.184286813
S_658_846,0.849333742
S_658_849,0.833852645
S_658_850,0.118659363
S_658_853,0.834538088
S_663_666,0.478184239
S_663_667,0.246615751
S_663_670,0.508502066
S_663_671,0.595246587
S_663_686,0.025655907
S_663_689,0.241289305
S_663_694,0.068696837
S_663_695,0.253473084
S_663_698,0.181325557
S_663_701,0.504615068
S_663_702,0.177776144
S_663_708,0.422367838
S_663_720,0.31536825
S_663_721,0.403726932
S_663_722,0.507178016
S_663_725,0.480657904
S_663_731,0.598864435
S_663_737,0.410698147
S_663_754,0.195294501
S_663_765,0.188746327
S_663_779,0.306399253
S_663_780,0.367194535
S_663_783,0.425121888
S_663_786,0.298289349
S_663_790,0.461754602
S_663_793,0.277075472
S_663_802,0.079826288
S_663_804,0.037470873
S_663_810,0.485736017
S_663_811,0.125770621
S_663_825,0.328007813
S_663_829,0.493337027
S_663_830,0.542195263
S_663_836,0.053610835
S_663_842,0.163771282
S_663_845,0.038406418
S_663_846,0.499146804
S_663_849,0.470131557
S_663_850,0.023248648
S_663_853,0.471366249
S_666_667,0.253570104
S_666_670,0.517766043
S_666_671,0.604148356
S_666_686,0.026599372
S_666_689,0.248142929
S_666_694,0.07110757
S_666_695,0.260553932
S_666_698,0.186895519
S_666_701,0.513882269
S_666_702,0.183261483
S_666_708,0.431440067
S_666_720,0.323429052
S_666_721,0.412684825
S_666_722,0.516443216
S_666_725,0.489920252
S_666_731,0.60773907
S_666_737,0.419701843
S_666_754,0.201188112
S_666_765,0.194490087
S_666_779,0.314336063
S_666_780,0.375852786
S_666_783,0.434208806
S_666_786,0.306108796
S_666_790,0.470983031
S_666_793,0.284564331
S_666_802,0.082592943
S_666_804,0.038831504
S_666_810,0.495002951
S_666_811,0.129904834
S_666_825,0.336233019
S_666_829,0.502607249
S_666_830,0.551384447
S_666_836,0.055523728
S_666_842,0.16891327
S_666_845,0.039799615
S_666_846,0.508416647
S_666_849,0.479378296
S_666_850,0.02410578
S_666_853,0.480615246
S_667_670,0.750357441
S_667_671,0.810337666
S_667_686,0.071062434
S_667_689,0.480231339
S_667_694,0.176480958
S_667_695,0.496583546
S_667_698,0.391530249
S_667_701,0.74743313
S_667_702,0.385805205
S_667_708,0.679929389
S_667_720,0.572330986
S_667_721,0.662967814
S_667_722,0.74936379
S_667_725,0.728910315
S_667_731,0.812638099
S_667_737,0.669390124
S_667_754,0.413513451
S_667_765,0.40331562
S_667_779,0.562053554
S_667_780,0.627670639
S_667_783,0.682378895
S_667_786,0.552567732
S_667_790,0.713660053
S_667_793,0.526847431
S_667_802,0.201297988
S_667_804,0.101607253
S_667_810,0.732909874
S_667_811,0.294760353
S_667_825,0.58644751
S_667_829,0.738821938
S_667_830,0.774813158
S_667_836,0.141316948
S_667_842,0.362640165
S_667_845,0.103971136
S_667_846,0.743281601
S_667_849,0.720489667
S_667_850,0.064677554
S_667_853,0.721486583
S_670_671,0.574797007
S_670_686,0.023631993
S_670_689,0.226203942
S_670_694,0.063498838
S_670_695,0.237864804
S_670_698,0.1691533
S_670_701,0.483559261
S_670_702,0.165793904
S_670_708,0.401959258
S_670_720,0.297467317
S_670_721,0.383620879
S_670_722,0.486120209
S_670_725,0.459674158
S_670_731,0.578468198
S_670_737,0.390472268
S_670_754,0.182393436
S_670_765,0.176183124
S_670_779,0.288792669
S_670_780,0.347846484
S_670_783,0.404673462
S_670_786,0.280960011
S_670_790,0.44089551
S_670_793,0.260521009
S_670_802,0.073852951
S_670_804,0.034547961
S_670_810,0.464728959
S_670_811,0.116795681
S_670_825,0.309713992
S_670_829,0.472303147
S_670_830,0.521221238
S_670_836,0.049493666
S_670_842,0.152557839
S_670_845,0.035413214
S_670_846,0.478098959
S_670_849,0.449209868
S_670_850,0.021410462
S_670_853,0.450436324
S_671_686,0.016742439
S_671_689,0.170575009
S_671_694,0.045528671
S_671_695,0.180035398
S_671_698,0.125282906
S_671_701,0.397121631
S_671_702,0.122666145
S_671_708,0.32104047
S_671_720,0.229511118
S_671_721,0.304514037
S_671_722,0.399578992
S_671_725,0.374410723
S_671_731,0.491201449
S_671_737,0.310664684
S_671_754,0.135649812
S_671_765,0.1307765
S_671_779,0.222191427
S_671_780,0.272851123
S_671_783,0.323503844
S_671_786,0.215617495
S_671_790,0.35681507
S_671_793,0.198618924
S_671_802,0.053118774
S_671_804,0.024556059
S_671_810,0.379185906
S_671_811,0.08511332
S_671_825,0.239915481
S_671_829,0.386372267
S_671_830,0.433705088
S_671_836,0.035337407
S_671_842,0.112409206
S_671_845,0.025177591
S_671_846,0.391896711
S_671_849,0.364577764
S_671_850,0.015158508
S_671_853,0.365726582
S_686_689,0.919910445
S_686_694,0.727083031
S_686_695,0.924601868
S_686_698,0.888881066
S_686_701,0.973537702
S_686_702,0.886478761
S_686_708,0.963515255
S_686_720,0.943300241
S_686_721,0.960713481
S_686_722,0.973800568
S_686_725,0.970952574
S_686_731,0.981791502
S_686_737,0.961789113
S_686_754,0.897595335
S_686_765,0.893649928
S_686_779,0.941018961
S_686_780,0.954456906
S_686_783,0.963909671
S_686_786,0.938848378
S_686_790,0.968734453
S_686_793,0.932625673
S_686_802,0.758054938
S_686_804,0.584373753
S_686_810,0.971520652
S_686_811,0.838603205
S_686_825,0.946320264
S_686_829,0.972350301
S_686_830,0.977155562
S_686_836,0.671692969
S_686_842,0.876134513
S_686_845,0.590585773
S_686_846,0.972968319
S_686_849,0.96973816
S_686_850,0.462264304
S_686_853,0.969883253
S_689_694,0.180717529
S_689_695,0.50380341
S_689_698,0.398431586
S_689_701,0.752845943
S_689_702,0.392670753
S_689_708,0.686181481
S_689_720,0.579384659
S_689_721,0.669390124
S_689_722,0.754748803
S_689_725,0.734579127
S_689_731,0.81699564
S_689_737,0.675749907
S_689_754,0.420534471
S_689_765,0.410284619
S_689_779,0.569149129
S_689_780,0.634394633
S_689_783,0.688605052
S_689_786,0.559696599
S_689_790,0.719525058
S_689_793,0.534040528
S_689_802,0.2059813
S_689_804,0.104274006
S_689_810,0.738525053
S_689_811,0.300799199
S_689_825,0.593433749
S_689_829,0.744356178
S_689_830,0.779812047
S_689_836,0.144857863
S_689_842,0.369341375
S_689_845,0.106692563
S_689_846,0.748753478
S_689_849,0.726268439
S_689_850,0.066446749
S_689_853,0.727252546
S_694_695,0.814039066
S_694_698,0.740631494
S_694_701,0.929242195
S_694_702,0.73597614
S_694_708,0.90409576
S_694_720,0.855882686
S_694_721,0.897217737
S_694_722,0.929913398
S_694_725,0.922673503
S_694_731,0.950611206
S_694_737,0.899850606
S_694_754,0.757804113
S_694_765,0.749973114
S_694_779,0.850641113
S_694_780,0.88209021
S_694_783,0.905069239
S_694_786,0.845689911
S_694_790,0.917083524
S_694_793,0.831687007
S_694_802,0.527954862
S_694_804,0.334176651
S_694_810,0.924111975
S_694_811,0.649709553
S_694_825,0.862882048
S_694_829,0.926217827
S_694_830,0.938533672
S_694_836,0.422076021
S_694_842,0.716306647
S_694_845,0.339904115
S_694_846,0.927790409
S_694_849,0.91960776
S_694_850,0.234811463
S_694_853,0.919973373
S_695_698,0.38285343
S_695_701,0.740467326
S_695_702,0.377176614
S_695_708,0.671919035
S_695_720,0.563357101
S_695_721,0.654748514
S_695_722,0.742432884
S_695_725,0.721623917
S_695_731,0.807006299
S_695_737,0.661247417
S_695_754,0.404673462
S_695_765,0.394546978
S_695_779,0.553032432
S_695_780,0.619085119
S_695_783,0.674400488
S_695_786,0.543509911
S_695_790,0.706129013
S_695_793,0.517723375
S_695_802,0.195482559
S_695_804,0.098317333
S_695_810,0.725690521
S_695_811,0.287215792
S_695_825,0.577551196
S_695_829,0.731703888
S_695_830,0.768368476
S_695_836,0.136937257
S_695_842,0.354230861
S_695_845,0.100613248
S_695_846,0.736241703
S_695_849,0.713066033
S_695_850,0.062500187
S_695_853,0.714078918
S_698_701,0.813909687
S_698_702,0.481425791
S_698_708,0.758430843
S_698_720,0.66418859
S_698_721,0.744063405
S_698_722,0.815457654
S_698_725,0.798950765
S_698_731,0.865051092
S_698_737,0.749524234
S_698_754,0.510295748
S_698_765,0.499744909
S_698_779,0.654787143
S_698_780,0.713590207
S_698_783,0.760491202
S_698_786,0.646044994
S_698_790,0.786486502
S_698_793,0.622022503
S_698_802,0.27139566
S_698_804,0.143214522
S_698_810,0.80219739
S_698_811,0.381844519
S_698_825,0.676984315
S_698_829,0.806979683
S_698_830,0.835667632
S_698_836,0.195643861
S_698_842,0.456789354
S_698_845,0.146388665
S_698_846,0.810573927
S_698_849,0.792085156
S_698_850,0.092723222
S_698_853,0.792900116
S_701_702,0.167955863
S_701_708,0.405703104
S_701_720,0.300727322
S_701_721,0.387304538
S_701_722,0.490005661
S_701_725,0.463538903
S_701_731,0.582255438
S_701_737,0.394179644
S_701_754,0.184723921
S_701_765,0.178451578
S_701_779,0.291997121
S_701_780,0.351382456
S_701_783,0.408425324
S_701_786,0.28411227
S_701_790,0.444732323
S_701_793,0.263527996
S_701_802,0.074923676
S_701_804,0.035070418
S_701_810,0.468599345
S_701_811,0.118409393
S_701_825,0.313048405
S_701_829,0.476180497
S_701_830,0.525100564
S_701_836,0.050230382
S_701_842,0.154579182
S_701_845,0.035948269
S_701_846,0.481980431
S_701_849,0.453060404
S_701_850,0.021738719
S_701_853,0.454288702
S_702_708,0.762817864
S_702_720,0.66954138
S_702_721,0.748624866
S_702_722,0.819056117
S_702_725,0.802793261
S_702_731,0.867839241
S_702_737,0.754020544
S_702_754,0.516315188
S_702_765,0.505768432
S_702_779,0.660213126
S_702_780,0.718489298
S_702_783,0.764852406
S_702_786,0.65153526
S_702_790,0.790504754
S_702_793,0.627670639
S_702_802,0.276186387
S_702_804,0.146196584
S_702_810,0.805992904
S_702_811,0.387547875
S_702_825,0.682230725
S_702_829,0.810705086
S_702_830,0.838949842
S_702_836,0.199463472
S_702_842,0.462774086
S_702_845,0.149425294
S_702_846,0.814245928
S_702_849,0.79602537
S_702_850,0.094770228
S_702_853,0.796828847
S_708_720,0.374650913
S_708_721,0.468258933
S_708_722,0.572372813
S_708_725,0.546222086
S_708_731,0.660059768
S_708_737,0.475455925
S_708_754,0.239915481
S_708_765,0.232303082
S_708_779,0.364894526
S_708_780,0.430099178
S_708_783,0.490261892
S_708_786,0.356031088
S_708_790,0.527358586
S_708_793,0.332657464
S_708_802,0.101389073
S_708_804,0.048191754
S_708_810,0.551257632
S_708_811,0.157618127
S_708_825,0.388318813
S_708_829,0.558769909
S_708_830,0.606353106
S_708_836,0.068620346
S_708_842,0.203006816
S_708_845,0.049381238
S_708_846,0.564491736
S_708_849,0.535741079
S_708_850,0.030027317
S_708_853,0.536973461
S_720_721,0.582961884
S_720_722,0.679966578
S_720_725,0.656446232
S_720_731,0.755033377
S_720_737,0.589965836
S_720_754,0.33379653
S_720_765,0.324476968
S_720_779,0.476990432
S_720_780,0.545035838
S_720_783,0.604230089
S_720_786,0.467408033
S_720_790,0.63913763
S_720_793,0.441738177
S_720_802,0.151896229
S_720_804,0.074392425
S_720_810,0.661017707
S_720_811,0.228997799
S_720_825,0.501923713
S_720_829,0.667799817
S_720_830,0.709732993
S_720_836,0.104705742
S_720_842,0.287915991
S_720_845,0.076176844
S_720_846,0.672935346
S_720_849,0.64686518
S_720_850,0.046838406
S_720_853,0.647996395
S_721_722,0.591081516
S_721_725,0.56520579
S_721_731,0.677096412
S_721_737,0.494661213
S_721_754,0.254217534
S_721_765,0.246298386
S_721_779,0.382893808
S_721_780,0.44904075
S_721_783,0.509484351
S_721_786,0.37385052
S_721_790,0.546476215
S_721_793,0.349942759
S_721_802,0.108613198
S_721_804,0.051844172
S_721_810,0.570196436
S_721_811,0.168099197
S_721_825,0.406733576
S_721_829,0.577634582
S_721_830,0.624550335
S_721_836,0.073701144
S_721_842,0.215733124
S_721_845,0.053118774
S_721_846,0.583294212
S_721_849,0.554805881
S_721_850,0.032349855
S_721_853,0.556029594
S_722_725,0.460990199
S_722_731,0.579759417
S_722_737,0.391733824
S_722_754,0.183184762
S_722_765,0.176953337
S_722_779,0.289881948
S_722_780,0.349049186
S_722_783,0.405950342
S_722_786,0.282031462
S_722_790,0.442201787
S_722_793,0.261542867
S_722_802,0.074216112
S_722_804,0.034725093
S_722_810,0.466046989
S_722_811,0.117343252
S_722_825,0.310847693
S_722_829,0.473623651
S_722_830,0.522543078
S_722_836,0.049743478
S_722_842,0.153243983
S_722_845,0.035594618
S_722_846,0.479420945
S_722_849,0.450520929
S_722_850,0.021521738
S_722_853,0.451748029
S_725_731,0.605373746
S_725_737,0.417289823
S_725_754,0.199599942
S_725_765,0.19294202
S_725_779,0.312203796
S_725_780,0.373530557
S_725_783,0.431775447
S_725_786,0.304007594
S_725_790,0.46851424
S_725_793,0.282550796
S_725_802,0.081845038
S_725_804,0.038463258
S_725_810,0.492525475
S_725_811,0.128788649
S_725_825,0.334024577
S_725_829,0.500129405
S_725_830,0.548931521
S_725_836,0.055006246
S_725_842,0.167526445
S_725_845,0.039422565
S_725_846,0.505939296
S_725_849,0.47690517
S_725_850,0.023873712
S_725_853,0.478141599
S_731_737,0.307453449
S_731_754,0.133896253
S_731_765,0.129076532
S_731_779,0.219603369
S_731_780,0.269877729
S_731_783,0.320221546
S_731_786,0.213085033
S_731_790,0.353371338
S_731_793,0.196236164
S_731_802,0.052367464
S_731_804,0.024198415
S_731_810,0.375652367
S_731_811,0.083949601
S_731_825,0.23718393
S_731_829,0.382813055
S_731_830,0.430015407
S_731_836,0.034828345
S_731_842,0.110917528
S_731_845,0.024811124
S_731_846,0.388318813
S_731_849,0.361101174
S_731_850,0.014935637
S_731_853,0.362245282
S_737_754,0.24878112
S_737_765,0.240976602
S_737_779,0.376093345
S_737_780,0.441906751
S_737_783,0.502265482
S_737_786,0.367115123
S_737_790,0.539309485
S_737_793,0.343401864
S_737_802,0.105848586
S_737_804,0.050442773
S_737_810,0.563104869
S_737_811,0.164099189
S_737_825,0.399784003
S_737_829,0.570573314
S_737_830,0.61775438
S_737_836,0.071753642
S_737_842,0.210886977
S_737_845,0.0516848
S_737_846,0.576258151
S_737_849,0.547661825
S_737_850,0.031457924
S_737_853,0.548889208
S_754_765,0.47690517
S_754_779,0.633839561
S_754_780,0.694546274
S_754_783,0.743444605
S_754_786,0.624870848
S_754_790,0.770732297
S_754_793,0.600300386
S_754_802,0.253699503
S_754_804,0.132358019
S_754_810,0.787288898
S_754_811,0.360510011
S_754_825,0.656677431
S_754_829,0.792338327
S_754_830,0.822724331
S_754_836,0.181655569
S_754_842,0.434208806
S_754_845,0.135329549
S_754_846,0.796136334
S_754_849,0.776626725
S_754_850,0.085313135
S_754_853,0.777485255
S_765_779,0.643579293
S_765_780,0.703426783
S_765_783,0.751412306
S_765_786,0.634711657
S_765_790,0.778105478
S_765_793,0.610383863
S_765_802,0.261773967
S_765_804,0.137280958
S_765_810,0.794271749
S_765_811,0.370297194
S_765_825,0.666129669
S_765_829,0.799197695
S_765_830,0.828796876
S_765_836,0.188014756
S_765_842,0.444605727
S_765_845,0.140345133
S_765_846,0.802901456
S_765_849,0.783863502
S_765_850,0.088665094
S_765_853,0.784701928
S_779_780,0.555396723
S_779_783,0.614197146
S_779_786,0.477843126
S_779_790,0.648736638
S_779_793,0.452086643
S_779_802,0.157368703
S_779_804,0.077327205
S_779_810,0.670334903
S_779_811,0.236473545
S_779_825,0.512388038
S_779_829,0.677021683
S_779_830,0.718281867
S_779_836,0.10869595
S_779_842,0.296575287
S_779_845,0.079175997
S_779_846,0.682082519
S_779_849,0.656369149
S_779_850,0.048743423
S_779_853,0.657486041
S_780_783,0.547915814
S_780_786,0.410615431
S_780_790,0.584373753
S_780_793,0.385805205
S_780_802,0.124479858
S_780_804,0.059975767
S_780_810,0.60753536
S_780_811,0.190795784
S_780_825,0.444436943
S_780_829,0.614763897
S_780_830,0.659983076
S_780_836,0.084953774
S_780_842,0.242982679
S_780_845,0.061437332
S_780_846,0.620253082
S_780_849,0.592526371
S_780_850,0.037544904
S_780_853,0.593722327
S_783_786,0.353449437
S_783_790,0.524546549
S_783_793,0.330158405
S_783_802,0.1003661
S_783_804,0.047677043
S_783_810,0.548466039
S_783_811,0.156126396
S_783_825,0.385643244
S_783_829,0.555987408
S_783_830,0.603657832
S_783_836,0.067903013
S_783_842,0.201188112
S_783_845,0.048854474
S_783_846,0.561717015
S_783_849,0.532934743
S_783_850,0.029700557
S_783_853,0.534168097
S_786_790,0.657447556
S_786_793,0.461627189
S_786_802,0.162534694
S_786_804,0.08011547
S_786_810,0.67877542
S_786_811,0.243485966
S_786_825,0.521988795
S_786_829,0.685371352
S_786_830,0.725996572
S_786_836,0.112477424
S_786_842,0.304658822
S_786_845,0.082025
S_786_846,0.690361192
S_786_849,0.664988534
S_786_850,0.05055749
S_786_853,0.666091662
S_790_793,0.298182053
S_790_802,0.087730606
S_790_804,0.041369757
S_790_810,0.511491391
S_790_811,0.137544277
S_790_825,0.351109872
S_790_829,0.51908862
S_790_830,0.567639922
S_790_836,0.059086008
S_790_842,0.17837643
S_790_845,0.042398358
S_790_846,0.524887489
S_790_849,0.495857316
S_790_850,0.025707218
S_790_853,0.497096188
S_793_802,0.177127622
S_793_804,0.088086854
S_793_810,0.700925218
S_793_811,0.263063935
S_793_825,0.547746491
S_793_829,0.707262484
S_793_830,0.746108196
S_793_836,0.123237399
S_793_842,0.327029227
S_793_845,0.090167757
S_793_846,0.712051006
S_793_849,0.687651535
S_793_850,0.055766185
S_793_853,0.688714971
S_802_804,0.299112686
S_802_810,0.911927668
S_802_811,0.611967638
S_802_825,0.84254195
S_802_829,0.914340288
S_802_830,0.928485671
S_802_836,0.38309572
S_802_842,0.682230725
S_802_845,0.304514037
S_802_846,0.916143106
S_802_849,0.906773229
S_802_850,0.206933195
S_802_853,0.907191321
S_804_810,0.958460878
S_804_811,0.778488805
S_804_825,0.922624719
S_804_829,0.95965518
S_804_830,0.966590929
S_804_836,0.580508658
S_804_842,0.827117296
S_804_845,0.493849605
S_804_846,0.960545442
S_804_849,0.955898094
S_804_850,0.367671159
S_804_853,0.956106541
S_810_811,0.126524124
S_810_825,0.329516252
S_810_829,0.495045669
S_810_830,0.54389147
S_810_836,0.053958706
S_810_842,0.164709558
S_810_845,0.03865966
S_810_846,0.500855676
S_810_849,0.471834674
S_810_850,0.023404377
S_810_853,0.473069845
S_811_825,0.763404807
S_811_829,0.865529151
S_811_830,0.886736462
S_811_836,0.272444457
S_811_842,0.564197635
S_811_845,0.208874962
S_811_846,0.868211193
S_811_849,0.854337112
S_811_850,0.135950638
S_811_853,0.854952747
S_825_829,0.654825769
S_825_830,0.697655178
S_825_836,0.099398191
S_825_842,0.276186387
S_825_845,0.072198807
S_825_846,0.660059768
S_825_849,0.633522217
S_825_850,0.044318955
S_825_853,0.634672035
S_829_830,0.536336077
S_829_836,0.052426858
S_829_842,0.160567213
S_829_845,0.037544904
S_829_846,0.493251599
S_829_849,0.464261388
S_829_850,0.022719113
S_829_853,0.465494208
S_830_836,0.043508232
S_830_842,0.135890428
S_830_845,0.031074906
S_830_846,0.444521334
S_830_849,0.41604377
S_830_850,0.018754214
S_830_853,0.417248271
S_836_842,0.766783165
S_836_845,0.401384283
S_836_846,0.943601105
S_836_849,0.937088606
S_836_850,0.285504608
S_836_853,0.937380132
S_842_845,0.162441673
S_842_846,0.828748375
S_842_849,0.811621248
S_842_850,0.103605544
S_842_853,0.812377771
S_845_846,0.95956245
S_845_849,0.954804764
S_845_850,0.361732212
S_845_853,0.955018135
S_846_849,0.458485959
S_846_850,0.022208785
S_846_853,0.459716603
S_849_850,0.024877366
S_849_853,0.488681886
S_850_853,0.972697337
